price,date,volume
,,
,,
,,
,,
,,
,,
,,
,,
,,
,,
,,
,,
,,
,,
,,
,,
,,
,,
,,
,,
,,
,,
MYR RM1.75,"Jun 28, 2019",583K
MYR RM1.75,"Jun 28, 2019",583K
MYR RM1.75,"Jun 28, 2019",583K
MYR RM1.75,"Jul 12, 2019",218K
MYR RM1.75,"Jul 12, 2019",218K
MYR RM1.72,"Jul 19, 2019",865K
MYR RM1.72,"Jul 19, 2019",865K
MYR RM1.72,"Jul 19, 2019",865K
MYR RM1.76,"Jul 26, 2019",2.9M
MYR RM1.76,"Jul 26, 2019",2.9M
MYR RM1.74,"Aug 2, 2019",2.9M
MYR RM1.74,"Aug 2, 2019",2.9M
MYR RM1.76,"Aug 9, 2019",2.1M
MYR RM1.76,"Aug 9, 2019",2.1M
MYR RM1.76,"Aug 9, 2019",2.1M
MYR RM1.73,"Aug 16, 2019",709K
MYR RM1.73,"Aug 16, 2019",709K
MYR RM1.72,"Aug 23, 2019",848K
MYR RM1.72,"Aug 23, 2019",848K
MYR RM1.75,"Aug 30, 2019",1.7M
MYR RM1.75,"Aug 30, 2019",1.7M
MYR RM1.75,"Aug 30, 2019",1.7M
MYR RM1.74,"Sep 6, 2019",243K
MYR RM1.74,"Sep 6, 2019",243K
MYR RM1.78,"Sep 13, 2019",572K
MYR RM1.78,"Sep 13, 2019",572K
MYR RM1.80,"Sep 20, 2019",423K
MYR RM1.80,"Sep 20, 2019",423K
MYR RM1.80,"Sep 20, 2019",423K
MYR RM1.87,"Sep 27, 2019",619K
MYR RM1.87,"Sep 27, 2019",619K
MYR RM2.07,"Oct 4, 2019",2.6M
MYR RM2.07,"Oct 4, 2019",2.6M
MYR RM2.00,"Oct 11, 2019",1.2M
MYR RM2.00,"Oct 11, 2019",1.2M
MYR RM2.00,"Oct 11, 2019",1.2M
MYR RM2.06,"Oct 18, 2019",1.4M
MYR RM2.06,"Oct 18, 2019",1.4M
MYR RM1.90,"Oct 25, 2019",3.4M
MYR RM1.90,"Oct 25, 2019",3.4M
MYR RM1.90,"Oct 25, 2019",3.4M
MYR RM1.90,"Nov 1, 2019",1.4M
MYR RM1.90,"Nov 1, 2019",1.4M
MYR RM1.96,"Nov 8, 2019",985K
MYR RM1.96,"Nov 8, 2019",985K
MYR RM1.94,"Nov 15, 2019",1.1M
MYR RM1.94,"Nov 15, 2019",1.1M
MYR RM1.94,"Nov 15, 2019",1.1M
MYR RM1.95,"Nov 22, 2019",257K
MYR RM1.95,"Nov 22, 2019",257K
MYR RM1.94,"Nov 29, 2019",339K
MYR RM1.94,"Nov 29, 2019",339K
MYR RM1.94,"Dec 6, 2019",640K
MYR RM1.94,"Dec 6, 2019",640K
MYR RM1.94,"Dec 6, 2019",640K
MYR RM1.96,"Dec 13, 2019",107K
MYR RM1.96,"Dec 13, 2019",107K
MYR RM1.97,"Dec 20, 2019",205K
MYR RM1.97,"Dec 20, 2019",205K
MYR RM1.99,"Dec 27, 2019",858K
MYR RM1.99,"Dec 27, 2019",858K
MYR RM1.99,"Dec 27, 2019",858K
MYR RM2.00,"Jan 3, 2020",513K
MYR RM2.00,"Jan 3, 2020",513K
MYR RM2.07,"Jan 10, 2020",1.6M
MYR RM2.07,"Jan 10, 2020",1.6M
MYR RM2.27,"Jan 17, 2020",5.3M
MYR RM2.27,"Jan 17, 2020",5.3M
MYR RM2.27,"Jan 17, 2020",5.3M
MYR RM2.33,"Jan 24, 2020",3.5M
MYR RM2.33,"Jan 24, 2020",3.5M
MYR RM2.33,"Jan 31, 2020",1.9M
MYR RM2.33,"Jan 31, 2020",1.9M
MYR RM2.32,"Feb 7, 2020",1.3M
MYR RM2.32,"Feb 7, 2020",1.3M
MYR RM2.32,"Feb 7, 2020",1.3M
MYR RM2.24,"Feb 14, 2020",1.4M
MYR RM2.24,"Feb 14, 2020",1.4M
MYR RM2.23,"Feb 21, 2020",1.5M
MYR RM2.23,"Feb 21, 2020",1.5M
MYR RM2.10,"Feb 28, 2020",1.8M
MYR RM2.10,"Feb 28, 2020",1.8M
MYR RM2.10,"Feb 28, 2020",1.8M
MYR RM2.07,"Mar 6, 2020",1.8M
MYR RM2.07,"Mar 6, 2020",1.8M
MYR RM1.90,"Mar 13, 2020",1M
MYR RM1.90,"Mar 13, 2020",1M
MYR RM1.72,"Mar 20, 2020",1.7M
MYR RM1.72,"Mar 20, 2020",1.7M
MYR RM1.72,"Mar 20, 2020",1.7M
MYR RM1.84,"Mar 27, 2020",808K
MYR RM1.84,"Mar 27, 2020",808K
MYR RM1.84,"Apr 3, 2020",367K
MYR RM1.84,"Apr 3, 2020",367K
MYR RM2.00,"Apr 10, 2020",353K
MYR RM2.00,"Apr 10, 2020",353K
MYR RM2.00,"Apr 10, 2020",353K
MYR RM2.04,"Apr 17, 2020",415K
MYR RM2.04,"Apr 17, 2020",415K
MYR RM2.01,"Apr 24, 2020",649K
MYR RM2.01,"Apr 24, 2020",649K
MYR RM2.07,"Apr 30, 2020",554K
MYR RM2.07,"Apr 30, 2020",554K
MYR RM2.07,"Apr 30, 2020",554K
MYR RM2.08,"May 8, 2020",126K
MYR RM2.08,"May 8, 2020",126K
MYR RM2.04,"May 15, 2020",230K
MYR RM2.04,"May 15, 2020",230K
MYR RM2.04,"May 15, 2020",230K
MYR RM2.02,"May 22, 2020",809K
MYR RM2.02,"May 22, 2020",809K
MYR RM2.15,"May 29, 2020",1.3M
MYR RM2.15,"May 29, 2020",1.3M
MYR RM2.12,"Jun 5, 2020",1.4M
MYR RM2.12,"Jun 5, 2020",1.4M
MYR RM2.12,"Jun 5, 2020",1.4M
MYR RM2.16,"Jun 12, 2020",893K
MYR RM2.16,"Jun 12, 2020",893K
MYR RM2.16,"Jun 19, 2020",1.2M
MYR RM2.16,"Jun 19, 2020",1.2M
MYR RM2.31,"Jun 26, 2020",797K
MYR RM2.31,"Jun 26, 2020",797K
MYR RM2.31,"Jun 26, 2020",797K
MYR RM2.38,"Jul 3, 2020",707K
MYR RM2.38,"Jul 3, 2020",707K
MYR RM2.48,"Jul 10, 2020",2.6M
MYR RM2.48,"Jul 10, 2020",2.6M
MYR RM2.51,"Jul 17, 2020",1M
MYR RM2.51,"Jul 17, 2020",1M
MYR RM2.51,"Jul 17, 2020",1M
MYR RM2.54,"Jul 24, 2020",1.7M
MYR RM2.54,"Jul 24, 2020",1.7M
MYR RM3.07,"Jul 30, 2020",3.2M
MYR RM3.07,"Jul 30, 2020",3.2M
MYR RM3.00,"Aug 7, 2020",1.9M
MYR RM3.00,"Aug 7, 2020",1.9M
MYR RM3.00,"Aug 7, 2020",1.9M
MYR RM2.93,"Aug 14, 2020",876K
MYR RM2.93,"Aug 14, 2020",876K
MYR RM3.02,"Aug 21, 2020",670K
MYR RM3.02,"Aug 21, 2020",670K
MYR RM3.03,"Aug 28, 2020",2.1M
MYR RM3.03,"Aug 28, 2020",2.1M
MYR RM3.03,"Aug 28, 2020",2.1M
MYR RM3.13,"Sep 4, 2020",854K
MYR RM3.13,"Sep 4, 2020",854K
MYR RM3.07,"Sep 11, 2020",1.4M
MYR RM3.07,"Sep 11, 2020",1.4M
MYR RM3.15,"Sep 18, 2020",2.4M
MYR RM3.15,"Sep 18, 2020",2.4M
MYR RM3.15,"Sep 18, 2020",2.4M
MYR RM3.18,"Sep 25, 2020",2.2M
MYR RM3.18,"Sep 25, 2020",2.2M
MYR RM3.15,"Oct 2, 2020",1M
MYR RM3.15,"Oct 2, 2020",1M
MYR RM3.24,"Oct 9, 2020",833K
MYR RM3.24,"Oct 9, 2020",833K
MYR RM3.24,"Oct 9, 2020",833K
MYR RM3.30,"Oct 16, 2020",475K
MYR RM3.30,"Oct 16, 2020",475K
MYR RM3.53,"Oct 23, 2020",2M
MYR RM3.53,"Oct 23, 2020",2M
MYR RM3.55,"Oct 30, 2020",765K
MYR RM3.55,"Oct 30, 2020",765K
MYR RM3.55,"Oct 30, 2020",765K
MYR RM3.76,"Nov 6, 2020",1.1M
MYR RM3.76,"Nov 6, 2020",1.1M
MYR RM3.79,"Nov 13, 2020",897K
MYR RM3.79,"Nov 13, 2020",897K
MYR RM3.77,"Nov 20, 2020",333K
MYR RM3.77,"Nov 20, 2020",333K
MYR RM3.77,"Nov 20, 2020",333K
MYR RM3.73,"Nov 27, 2020",967K
MYR RM3.73,"Nov 27, 2020",967K
MYR RM3.76,"Dec 4, 2020",682K
MYR RM3.76,"Dec 4, 2020",682K
MYR RM3.76,"Dec 4, 2020",682K
MYR RM3.69,"Dec 11, 2020",751K
MYR RM3.69,"Dec 11, 2020",751K
MYR RM3.61,"Dec 18, 2020",1.2M
MYR RM3.61,"Dec 18, 2020",1.2M
MYR RM3.62,"Dec 24, 2020",340K
MYR RM3.62,"Dec 24, 2020",340K
MYR RM3.62,"Dec 24, 2020",340K
MYR RM3.68,"Dec 31, 2020",279K
MYR RM3.68,"Dec 31, 2020",279K
MYR RM3.44,"Jan 8, 2021",688K
MYR RM3.44,"Jan 8, 2021",688K
MYR RM3.78,"Jan 15, 2021",1.3M
MYR RM3.78,"Jan 15, 2021",1.3M
MYR RM3.78,"Jan 15, 2021",1.3M
MYR RM4.20,"Jan 22, 2021",3.3M
MYR RM4.20,"Jan 22, 2021",3.3M
MYR RM4.15,"Jan 29, 2021",1.5M
MYR RM4.15,"Jan 29, 2021",1.5M
MYR RM4.37,"Feb 5, 2021",1.1M
MYR RM4.37,"Feb 5, 2021",1.1M
MYR RM4.37,"Feb 5, 2021",1.1M
MYR RM4.32,"Feb 11, 2021",317K
MYR RM4.32,"Feb 11, 2021",317K
MYR RM4.45,"Feb 19, 2021",1M
MYR RM4.45,"Feb 19, 2021",1M
MYR RM4.30,"Feb 26, 2021",2.7M
MYR RM4.30,"Feb 26, 2021",2.7M
MYR RM4.30,"Feb 26, 2021",2.7M
MYR RM3.96,"Mar 5, 2021",931K
MYR RM3.96,"Mar 5, 2021",931K
MYR RM3.68,"Mar 12, 2021",1.8M
MYR RM3.68,"Mar 12, 2021",1.8M
MYR RM3.63,"Mar 26, 2021",1.1M
MYR RM3.63,"Mar 26, 2021",1.1M
MYR RM3.63,"Mar 26, 2021",1.1M
MYR RM4.08,"Apr 2, 2021",1.7M
MYR RM4.08,"Apr 2, 2021",1.7M
MYR RM4.00,"Apr 9, 2021",562K
MYR RM4.00,"Apr 9, 2021",562K
MYR RM3.96,"Apr 16, 2021",581K
MYR RM3.96,"Apr 16, 2021",581K
MYR RM3.96,"Apr 16, 2021",581K
MYR RM4.02,"Apr 23, 2021",563K
MYR RM4.02,"Apr 23, 2021",563K
MYR RM4.01,"Apr 30, 2021",756K
MYR RM4.01,"Apr 30, 2021",756K
MYR RM3.84,"May 7, 2021",308K
MYR RM3.84,"May 7, 2021",308K
MYR RM3.84,"May 7, 2021",308K
MYR RM3.65,"May 12, 2021",422K
MYR RM3.65,"May 12, 2021",422K
MYR RM3.70,"May 21, 2021",561K
MYR RM3.70,"May 21, 2021",561K
MYR RM3.83,"May 28, 2021",590K
MYR RM3.83,"May 28, 2021",590K
MYR RM3.83,"May 28, 2021",590K
MYR RM3.84,"Jun 4, 2021",253K
MYR RM3.84,"Jun 4, 2021",253K
MYR RM3.80,"Jun 11, 2021",80K
MYR RM3.80,"Jun 11, 2021",80K
MYR RM3.80,"Jun 11, 2021",80K
MYR RM3.63,"Jun 18, 2021",883K
MYR RM3.63,"Jun 18, 2021",883K
MYR RM3.74,"Jun 25, 2021",277K
MYR RM3.74,"Jun 25, 2021",277K
MYR RM3.74,"Jul 2, 2021",116K
MYR RM3.74,"Jul 2, 2021",116K
MYR RM3.74,"Jul 2, 2021",116K
MYR RM3.87,"Jul 9, 2021",273K
MYR RM3.87,"Jul 9, 2021",273K
MYR RM3.99,"Jul 16, 2021",888K
MYR RM3.99,"Jul 16, 2021",888K
MYR RM4.86,"Jul 23, 2021",3M
MYR RM4.86,"Jul 23, 2021",3M
MYR RM4.86,"Jul 23, 2021",3M
MYR RM4.72,"Jul 30, 2021",2M
MYR RM4.72,"Jul 30, 2021",2M
MYR RM4.92,"Aug 6, 2021",2.5M
MYR RM4.92,"Aug 6, 2021",2.5M
MYR RM4.80,"Aug 13, 2021",1.2M
MYR RM4.80,"Aug 13, 2021",1.2M
MYR RM4.80,"Aug 13, 2021",1.2M
MYR RM4.75,"Aug 20, 2021",922K
MYR RM4.75,"Aug 20, 2021",922K
MYR RM4.65,"Aug 27, 2021",1.6M
MYR RM4.65,"Aug 27, 2021",1.6M
MYR RM4.64,"Sep 3, 2021",1.4M
MYR RM4.64,"Sep 3, 2021",1.4M
MYR RM4.64,"Sep 3, 2021",1.4M
MYR RM4.81,"Sep 10, 2021",961K
MYR RM4.81,"Sep 10, 2021",961K
MYR RM4.78,"Sep 17, 2021",562K
MYR RM4.78,"Sep 17, 2021",562K
MYR RM5.13,"Sep 24, 2021",2.3M
MYR RM5.13,"Sep 24, 2021",2.3M
MYR RM5.13,"Sep 24, 2021",2.3M
MYR RM4.99,"Oct 1, 2021",1.6M
MYR RM4.99,"Oct 1, 2021",1.6M
MYR RM4.88,"Oct 8, 2021",1.4M
MYR RM4.88,"Oct 8, 2021",1.4M
MYR RM4.91,"Oct 15, 2021",608K
MYR RM4.91,"Oct 15, 2021",608K
MYR RM4.91,"Oct 15, 2021",608K
MYR RM4.93,"Oct 22, 2021",1.3M
MYR RM4.93,"Oct 22, 2021",1.3M
MYR RM4.92,"Oct 29, 2021",886K
MYR RM4.92,"Oct 29, 2021",886K
MYR RM5.00,"Nov 5, 2021",749K
MYR RM5.00,"Nov 5, 2021",749K
MYR RM5.00,"Nov 5, 2021",749K
MYR RM5.01,"Nov 12, 2021",587K
MYR RM5.01,"Nov 12, 2021",587K
MYR RM4.95,"Nov 19, 2021",570K
MYR RM4.95,"Nov 19, 2021",570K
MYR RM5.13,"Nov 26, 2021",698K
MYR RM5.13,"Nov 26, 2021",698K
MYR RM5.13,"Nov 26, 2021",698K
MYR RM5.52,"Dec 2, 2021",861K
MYR RM5.52,"Dec 2, 2021",861K
MYR RM5.00,"Dec 10, 2021",510K
MYR RM5.00,"Dec 10, 2021",510K
MYR RM4.96,"Dec 17, 2021",344K
MYR RM4.96,"Dec 17, 2021",344K
MYR RM4.96,"Dec 17, 2021",344K
MYR RM5.00,"Dec 24, 2021",607K
MYR RM5.00,"Dec 24, 2021",607K
MYR RM4.98,"Dec 31, 2021",342K
MYR RM4.98,"Dec 31, 2021",342K
MYR RM4.98,"Dec 31, 2021",342K
MYR RM4.92,"Jan 7, 2022",405K
MYR RM4.92,"Jan 7, 2022",405K
MYR RM4.25,"Jan 14, 2022",1.9M
MYR RM4.25,"Jan 14, 2022",1.9M
MYR RM4.00,"Jan 21, 2022",2.4M
MYR RM4.00,"Jan 21, 2022",2.4M
MYR RM4.00,"Jan 21, 2022",2.4M
MYR RM3.95,"Jan 28, 2022",4.5M
MYR RM3.95,"Jan 28, 2022",4.5M
MYR RM3.93,"Feb 4, 2022",1.2M
MYR RM3.93,"Feb 4, 2022",1.2M
MYR RM4.08,"Feb 11, 2022",2.1M
MYR RM4.08,"Feb 11, 2022",2.1M
MYR RM4.08,"Feb 11, 2022",2.1M
MYR RM3.89,"Feb 18, 2022",5.9M
MYR RM3.89,"Feb 18, 2022",5.9M
MYR RM3.89,"Feb 25, 2022",5.5M
MYR RM3.89,"Feb 25, 2022",5.5M
MYR RM3.63,"Mar 4, 2022",3.6M
MYR RM3.63,"Mar 4, 2022",3.6M
MYR RM3.63,"Mar 4, 2022",3.6M
MYR RM3.36,"Mar 11, 2022",9.7M
MYR RM3.36,"Mar 11, 2022",9.7M
MYR RM3.63,"Mar 18, 2022",12M
MYR RM3.63,"Mar 18, 2022",12M
MYR RM4.04,"Mar 25, 2022",7.2M
MYR RM4.04,"Mar 25, 2022",7.2M
MYR RM4.04,"Mar 25, 2022",7.2M
MYR RM4.00,"Apr 1, 2022",3.8M
MYR RM4.00,"Apr 1, 2022",3.8M
MYR RM4.05,"Apr 8, 2022",2.7M
MYR RM4.05,"Apr 8, 2022",2.7M
MYR RM3.80,"Apr 15, 2022",3.7M
MYR RM3.80,"Apr 15, 2022",3.7M
MYR RM3.80,"Apr 15, 2022",3.7M
MYR RM3.75,"Apr 22, 2022",982K
MYR RM3.75,"Apr 22, 2022",982K
MYR RM3.80,"Apr 29, 2022",2.4M
MYR RM3.80,"Apr 29, 2022",2.4M
MYR RM3.55,"May 6, 2022",944K
MYR RM3.55,"May 6, 2022",944K
MYR RM3.55,"May 6, 2022",944K
MYR RM3.56,"May 13, 2022",1.8M
MYR RM3.56,"May 13, 2022",1.8M
MYR RM3.63,"May 20, 2022",808K
MYR RM3.63,"May 20, 2022",808K
MYR RM3.68,"May 27, 2022",1.2M
MYR RM3.68,"May 27, 2022",1.2M
MYR RM3.68,"May 27, 2022",1.2M
MYR RM3.91,"Jun 3, 2022",2.1M
MYR RM3.91,"Jun 3, 2022",2.1M
MYR RM3.82,"Jun 10, 2022",787K
MYR RM3.82,"Jun 10, 2022",787K
MYR RM3.62,"Jun 17, 2022",1.6M
MYR RM3.62,"Jun 17, 2022",1.6M
MYR RM3.62,"Jun 17, 2022",1.6M
MYR RM3.55,"Jun 24, 2022",1.8M
MYR RM3.55,"Jun 24, 2022",1.8M
MYR RM3.55,"Jul 1, 2022",924K
MYR RM3.55,"Jul 1, 2022",924K
MYR RM3.40,"Jul 8, 2022",1.8M
MYR RM3.40,"Jul 8, 2022",1.8M
MYR RM3.40,"Jul 8, 2022",1.8M
MYR RM3.34,"Jul 15, 2022",1.1M
MYR RM3.34,"Jul 15, 2022",1.1M
MYR RM3.70,"Jul 22, 2022",1.3M
MYR RM3.70,"Jul 22, 2022",1.3M
MYR RM3.70,"Jul 22, 2022",1.3M
MYR RM3.85,"Jul 29, 2022",2.8M
MYR RM3.85,"Jul 29, 2022",2.8M
MYR RM3.81,"Aug 5, 2022",1.9M
MYR RM3.81,"Aug 5, 2022",1.9M
MYR RM3.80,"Aug 12, 2022",1.6M
MYR RM3.80,"Aug 12, 2022",1.6M
MYR RM3.80,"Aug 12, 2022",1.6M
MYR RM3.67,"Aug 19, 2022",699K
MYR RM3.67,"Aug 19, 2022",699K
MYR RM3.68,"Aug 26, 2022",552K
MYR RM3.68,"Aug 26, 2022",552K
MYR RM3.64,"Sep 2, 2022",666K
MYR RM3.64,"Sep 2, 2022",666K
MYR RM3.64,"Sep 2, 2022",666K
MYR RM3.65,"Sep 9, 2022",1.2M
MYR RM3.65,"Sep 9, 2022",1.2M
MYR RM3.80,"Sep 15, 2022",478K
MYR RM3.80,"Sep 15, 2022",478K
MYR RM3.68,"Sep 23, 2022",1M
MYR RM3.68,"Sep 23, 2022",1M
MYR RM3.68,"Sep 23, 2022",1M
MYR RM3.62,"Sep 30, 2022",898K
MYR RM3.62,"Sep 30, 2022",898K
MYR RM3.69,"Oct 7, 2022",1.6M
MYR RM3.69,"Oct 7, 2022",1.6M
MYR RM3.48,"Oct 14, 2022",2.4M
MYR RM3.48,"Oct 14, 2022",2.4M
MYR RM3.48,"Oct 14, 2022",2.4M
MYR RM3.50,"Oct 21, 2022",1.9M
MYR RM3.50,"Oct 21, 2022",1.9M
MYR RM3.50,"Oct 28, 2022",1.4M
MYR RM3.50,"Oct 28, 2022",1.4M
MYR RM3.49,"Nov 4, 2022",1.8M
MYR RM3.49,"Nov 4, 2022",1.8M
MYR RM3.49,"Nov 4, 2022",1.8M
MYR RM3.57,"Nov 11, 2022",1.1M
MYR RM3.57,"Nov 11, 2022",1.1M
MYR RM3.49,"Nov 17, 2022",1.1M
MYR RM3.49,"Nov 17, 2022",1.1M
MYR RM3.65,"Nov 25, 2022",355K
MYR RM3.65,"Nov 25, 2022",355K
MYR RM3.65,"Nov 25, 2022",355K
MYR RM3.89,"Dec 2, 2022",2.6M
MYR RM3.89,"Dec 2, 2022",2.6M
MYR RM3.97,"Dec 9, 2022",838K
MYR RM3.97,"Dec 9, 2022",838K
MYR RM3.90,"Dec 16, 2022",881K
MYR RM3.90,"Dec 16, 2022",881K
MYR RM3.90,"Dec 16, 2022",881K
MYR RM3.83,"Dec 23, 2022",1.3M
MYR RM3.83,"Dec 23, 2022",1.3M
MYR RM3.83,"Dec 30, 2022",423K
MYR RM3.83,"Dec 30, 2022",423K
MYR RM3.80,"Jan 6, 2023",1.9M
MYR RM3.80,"Jan 6, 2023",1.9M
MYR RM3.80,"Jan 6, 2023",1.9M
MYR RM4.00,"Jan 13, 2023",2.6M
MYR RM4.00,"Jan 13, 2023",2.6M
MYR RM3.90,"Jan 20, 2023",1.3M
MYR RM3.90,"Jan 20, 2023",1.3M
MYR RM4.10,"Jan 27, 2023",660K
MYR RM4.10,"Jan 27, 2023",660K
MYR RM4.10,"Jan 27, 2023",660K
MYR RM4.13,"Feb 3, 2023",2.5M
MYR RM4.13,"Feb 3, 2023",2.5M
MYR RM4.10,"Feb 10, 2023",1.1M
MYR RM4.10,"Feb 10, 2023",1.1M
MYR RM4.10,"Feb 10, 2023",1.1M
MYR RM3.89,"Feb 17, 2023",1.8M
MYR RM3.89,"Feb 17, 2023",1.8M
MYR RM3.99,"Feb 24, 2023",665K
MYR RM3.99,"Feb 24, 2023",665K
MYR RM4.00,"Mar 3, 2023",714K
MYR RM4.00,"Mar 3, 2023",714K
MYR RM4.00,"Mar 3, 2023",714K
MYR RM3.83,"Mar 10, 2023",2.2M
MYR RM3.83,"Mar 10, 2023",2.2M
MYR RM3.78,"Mar 17, 2023",2.6M
MYR RM3.78,"Mar 17, 2023",2.6M
MYR RM3.93,"Mar 24, 2023",907K
MYR RM3.93,"Mar 24, 2023",907K
MYR RM3.93,"Mar 24, 2023",907K
MYR RM3.99,"Mar 31, 2023",1M
MYR RM3.99,"Mar 31, 2023",1M
MYR RM3.91,"Apr 7, 2023",435K
MYR RM3.91,"Apr 7, 2023",435K
MYR RM3.99,"Apr 14, 2023",648K
MYR RM3.99,"Apr 14, 2023",648K
MYR RM3.99,"Apr 14, 2023",648K
MYR RM3.98,"Apr 20, 2023",294K
MYR RM3.98,"Apr 20, 2023",294K
MYR RM4.00,"Apr 28, 2023",229K
MYR RM4.00,"Apr 28, 2023",229K
MYR RM3.91,"May 5, 2023",341K
MYR RM3.91,"May 5, 2023",341K
MYR RM3.91,"May 5, 2023",341K
MYR RM3.91,"May 12, 2023",816K
MYR RM3.91,"May 12, 2023",816K
MYR RM3.95,"May 19, 2023",1M
MYR RM3.95,"May 19, 2023",1M
MYR RM3.88,"May 26, 2023",272K
MYR RM3.88,"May 26, 2023",272K
MYR RM3.88,"May 26, 2023",272K
MYR RM3.94,"Jun 2, 2023",270K
MYR RM3.94,"Jun 2, 2023",270K
MYR RM3.95,"Jun 9, 2023",512K
MYR RM3.95,"Jun 9, 2023",512K
MYR RM4.00,"Jun 16, 2023",3.2M
MYR RM4.00,"Jun 16, 2023",3.2M
MYR RM4.00,"Jun 16, 2023",3.2M
MYR RM3.95,"Jun 23, 2023",1.1M
MYR RM3.95,"Jun 23, 2023",1.1M
MYR RM3.99,"Jun 30, 2023",1.3M
MYR RM3.99,"Jun 30, 2023",1.3M
MYR RM3.95,"Jul 7, 2023",1.7M
MYR RM3.95,"Jul 7, 2023",1.7M
MYR RM3.95,"Jul 7, 2023",1.7M
MYR RM4.01,"Jul 14, 2023",3.9M
MYR RM4.01,"Jul 14, 2023",3.9M
MYR RM4.10,"Jul 21, 2023",5.4M
MYR RM4.10,"Jul 21, 2023",5.4M
MYR RM3.93,"Jul 28, 2023",3.6M
MYR RM3.93,"Jul 28, 2023",3.6M
MYR RM3.93,"Jul 28, 2023",3.6M
MYR RM3.95,"Aug 4, 2023",3.6M
MYR RM3.95,"Aug 4, 2023",3.6M
MYR RM3.93,"Aug 11, 2023",1.1M
MYR RM3.93,"Aug 11, 2023",1.1M
MYR RM3.97,"Aug 18, 2023",2.5M
MYR RM3.97,"Aug 18, 2023",2.5M
MYR RM3.97,"Aug 18, 2023",2.5M
MYR RM3.82,"Aug 25, 2023",3.6M
MYR RM3.82,"Aug 25, 2023",3.6M
MYR RM3.79,"Sep 1, 2023",1.7M
MYR RM3.79,"Sep 1, 2023",1.7M
MYR RM3.79,"Sep 1, 2023",1.7M
MYR RM3.82,"Sep 8, 2023",2.5M
MYR RM3.82,"Sep 8, 2023",2.5M
MYR RM3.75,"Sep 15, 2023",17M
MYR RM3.75,"Sep 15, 2023",17M
MYR RM3.77,"Sep 22, 2023",2.4M
MYR RM3.77,"Sep 22, 2023",2.4M
MYR RM3.77,"Sep 22, 2023",2.4M
MYR RM3.72,"Sep 29, 2023",724K
MYR RM3.72,"Sep 29, 2023",724K
MYR RM3.61,"Oct 6, 2023",1.6M
MYR RM3.61,"Oct 6, 2023",1.6M
MYR RM3.57,"Oct 13, 2023",789K
MYR RM3.57,"Oct 13, 2023",789K
MYR RM3.57,"Oct 13, 2023",789K
MYR RM3.56,"Oct 20, 2023",566K
MYR RM3.56,"Oct 20, 2023",566K
MYR RM3.46,"Oct 27, 2023",2.4M
MYR RM3.46,"Oct 27, 2023",2.4M
MYR RM3.40,"Nov 3, 2023",1.7M
MYR RM3.40,"Nov 3, 2023",1.7M
MYR RM3.40,"Nov 3, 2023",1.7M
MYR RM3.40,"Nov 10, 2023",5.8M
MYR RM3.40,"Nov 10, 2023",5.8M
MYR RM3.40,"Nov 17, 2023",2.5M
MYR RM3.40,"Nov 17, 2023",2.5M
MYR RM3.48,"Nov 24, 2023",2.5M
MYR RM3.48,"Nov 24, 2023",2.5M
MYR RM3.48,"Nov 24, 2023",2.5M
MYR RM3.49,"Dec 1, 2023",1.2M
MYR RM3.49,"Dec 1, 2023",1.2M
MYR RM3.67,"Dec 8, 2023",834K
MYR RM3.67,"Dec 8, 2023",834K
MYR RM3.61,"Dec 15, 2023",703K
MYR RM3.61,"Dec 15, 2023",703K
MYR RM3.61,"Dec 15, 2023",703K
MYR RM3.63,"Dec 22, 2023",486K
MYR RM3.63,"Dec 22, 2023",486K
MYR RM3.65,"Dec 29, 2023",244K
MYR RM3.65,"Dec 29, 2023",244K
MYR RM3.57,"Jan 5, 2024",749K
MYR RM3.57,"Jan 5, 2024",749K
MYR RM3.57,"Jan 5, 2024",749K
MYR RM3.63,"Jan 12, 2024",1.3M
MYR RM3.63,"Jan 12, 2024",1.3M
MYR RM3.61,"Jan 19, 2024",1.8M
MYR RM3.61,"Jan 19, 2024",1.8M
MYR RM3.47,"Jan 26, 2024",1.2M
MYR RM3.47,"Jan 26, 2024",1.2M
MYR RM3.47,"Jan 26, 2024",1.2M
MYR RM3.48,"Feb 2, 2024",3M
MYR RM3.48,"Feb 2, 2024",3M
MYR RM3.51,"Feb 16, 2024",1.7M
MYR RM3.51,"Feb 16, 2024",1.7M
MYR RM3.79,"Feb 23, 2024",4.1M
MYR RM3.79,"Feb 23, 2024",4.1M
MYR RM3.79,"Feb 23, 2024",4.1M
MYR RM3.75,"Mar 1, 2024",5.1M
MYR RM3.75,"Mar 1, 2024",5.1M
MYR RM3.61,"Mar 8, 2024",1.1M
MYR RM3.61,"Mar 8, 2024",1.1M
MYR RM3.60,"Mar 15, 2024",821K
MYR RM3.60,"Mar 15, 2024",821K
MYR RM3.60,"Mar 15, 2024",821K
MYR RM3.73,"Mar 22, 2024",3M
MYR RM3.73,"Mar 22, 2024",3M
MYR RM3.79,"Mar 29, 2024",3.2M
MYR RM3.79,"Mar 29, 2024",3.2M
MYR RM3.79,"Mar 29, 2024",3.2M
MYR RM3.87,"Apr 5, 2024",2.3M
MYR RM3.87,"Apr 5, 2024",2.3M
MYR RM3.89,"Apr 12, 2024",350K
MYR RM3.89,"Apr 12, 2024",350K
MYR RM3.88,"Apr 19, 2024",1.6M
MYR RM3.88,"Apr 19, 2024",1.6M
MYR RM3.88,"Apr 19, 2024",1.6M
MYR RM3.70,"Apr 26, 2024",7M
MYR RM3.70,"Apr 26, 2024",7M
MYR RM3.70,"May 3, 2024",4.5M
MYR RM3.70,"May 3, 2024",4.5M
MYR RM3.66,"May 10, 2024",3.9M
MYR RM3.66,"May 10, 2024",3.9M
MYR RM3.66,"May 10, 2024",3.9M
MYR RM3.84,"May 17, 2024",1.9M
MYR RM3.84,"May 17, 2024",1.9M
MYR RM3.85,"May 24, 2024",1.9M
MYR RM3.85,"May 24, 2024",1.9M
MYR RM3.79,"May 31, 2024",2.1M
MYR RM3.79,"May 31, 2024",2.1M
MYR RM3.79,"May 31, 2024",2.1M
MYR RM3.97,"Jun 7, 2024",1.5M
MYR RM3.97,"Jun 7, 2024",1.5M
MYR RM4.60,"Jun 14, 2024",33M
MYR RM4.60,"Jun 14, 2024",33M
MYR RM4.35,"Jun 21, 2024",15M
MYR RM4.35,"Jun 21, 2024",15M
MYR RM4.35,"Jun 21, 2024",15M
MYR RM4.12,"Jun 26, 2024",15M
MYR RM4.12,"Jun 26, 2024",15M
MYR RM4.12,"Jun 26, 2024",15M
MYR RM4.12,"Jun 26, 2024",15M
MYR RM4.12,"Jun 26, 2024",15M
MYR RM4.12,"Jun 26, 2024",15M
MYR RM4.12,"Jun 26, 2024",15M
MYR RM4.12,"Jun 26, 2024",15M
MYR RM4.12,"Jun 26, 2024",15M
MYR RM4.12,"Jun 26, 2024",15M
MYR RM4.12,"Jun 26, 2024",15M
MYR RM4.12,"Jun 26, 2024",15M
MYR RM4.12,"Jun 26, 2024",15M
MYR RM4.12,"Jun 26, 2024",15M
MYR RM4.12,"Jun 26, 2024",15M
MYR RM4.12,"Jun 26, 2024",15M
MYR RM4.12,"Jun 26, 2024",15M
MYR RM4.12,"Jun 26, 2024",15M
MYR RM4.12,"Jun 26, 2024",15M
MYR RM4.12,"Jun 26, 2024",15M
MYR RM4.12,"Jun 26, 2024",15M
MYR RM4.12,"Jun 26, 2024",15M
MYR RM1.50,"Jun 21, 2024",26M
MYR RM1.50,"Jun 21, 2024",26M
MYR RM1.50,"Jun 21, 2024",26M
MYR RM1.50,"Jun 21, 2024",26M
MYR RM1.50,"Jun 21, 2024",26M
MYR RM1.50,"Jun 21, 2024",26M
MYR RM1.50,"Jun 21, 2024",26M
MYR RM1.50,"Jun 21, 2024",26M
MYR RM1.50,"Jun 21, 2024",26M
MYR RM1.50,"Jun 21, 2024",26M
MYR RM1.50,"Jun 21, 2024",26M
MYR RM1.50,"Jun 21, 2024",26M
MYR RM1.50,"Jun 21, 2024",26M
MYR RM1.45,"Jun 26, 2024",26M
MYR RM1.45,"Jun 26, 2024",26M
MYR RM1.45,"Jun 26, 2024",26M
MYR RM1.45,"Jun 26, 2024",26M
MYR RM1.45,"Jun 26, 2024",26M
MYR RM1.45,"Jun 26, 2024",26M
MYR RM1.45,"Jun 26, 2024",26M
MYR RM1.45,"Jun 26, 2024",26M
MYR RM1.45,"Jun 26, 2024",26M
MYR RM1.67,"Jun 28, 2019",4.9M
MYR RM1.67,"Jun 28, 2019",4.9M
MYR RM1.67,"Jun 28, 2019",4.9M
MYR RM1.82,"Jul 12, 2019",6.8M
MYR RM1.82,"Jul 12, 2019",6.8M
MYR RM1.77,"Jul 19, 2019",5.5M
MYR RM1.77,"Jul 19, 2019",5.5M
MYR RM1.77,"Jul 19, 2019",5.5M
MYR RM1.81,"Jul 26, 2019",11M
MYR RM1.81,"Jul 26, 2019",11M
MYR RM1.71,"Aug 2, 2019",6.6M
MYR RM1.71,"Aug 2, 2019",6.6M
MYR RM1.71,"Aug 9, 2019",8.2M
MYR RM1.71,"Aug 9, 2019",8.2M
MYR RM1.71,"Aug 9, 2019",8.2M
MYR RM1.71,"Aug 16, 2019",5.1M
MYR RM1.71,"Aug 16, 2019",5.1M
MYR RM1.74,"Aug 23, 2019",1.9M
MYR RM1.74,"Aug 23, 2019",1.9M
MYR RM1.68,"Aug 30, 2019",2.9M
MYR RM1.68,"Aug 30, 2019",2.9M
MYR RM1.68,"Aug 30, 2019",2.9M
MYR RM1.77,"Sep 6, 2019",791K
MYR RM1.77,"Sep 6, 2019",791K
MYR RM1.77,"Sep 13, 2019",1.9M
MYR RM1.77,"Sep 13, 2019",1.9M
MYR RM1.88,"Sep 20, 2019",17M
MYR RM1.88,"Sep 20, 2019",17M
MYR RM1.88,"Sep 20, 2019",17M
MYR RM2.08,"Sep 27, 2019",18M
MYR RM2.08,"Sep 27, 2019",18M
MYR RM2.08,"Oct 4, 2019",21M
MYR RM2.08,"Oct 4, 2019",21M
MYR RM2.06,"Oct 11, 2019",28M
MYR RM2.06,"Oct 11, 2019",28M
MYR RM2.06,"Oct 11, 2019",28M
MYR RM2.20,"Oct 18, 2019",33M
MYR RM2.20,"Oct 18, 2019",33M
MYR RM2.16,"Oct 25, 2019",15M
MYR RM2.16,"Oct 25, 2019",15M
MYR RM2.16,"Oct 25, 2019",15M
MYR RM2.05,"Nov 1, 2019",22M
MYR RM2.05,"Nov 1, 2019",22M
MYR RM2.13,"Nov 8, 2019",8.4M
MYR RM2.13,"Nov 8, 2019",8.4M
MYR RM2.11,"Nov 15, 2019",4.5M
MYR RM2.11,"Nov 15, 2019",4.5M
MYR RM2.11,"Nov 15, 2019",4.5M
MYR RM2.10,"Nov 22, 2019",4.6M
MYR RM2.10,"Nov 22, 2019",4.6M
MYR RM2.10,"Nov 29, 2019",5.6M
MYR RM2.10,"Nov 29, 2019",5.6M
MYR RM2.16,"Dec 6, 2019",5M
MYR RM2.16,"Dec 6, 2019",5M
price,date,volume
INR ₹3.75,"Aug 2, 2019",136M
INR ₹3.25,"Aug 30, 2019",54M
INR ₹2.40,"Sep 27, 2019",117M
INR ₹3.25,"Oct 25, 2019",189M
INR ₹3.50,"Nov 22, 2019",76M
INR ₹3.25,"Dec 13, 2019",50M
INR ₹2.75,"Jan 10, 2020",67M
INR ₹1.70,"Feb 7, 2020",122M
INR ₹1.60,"Mar 6, 2020",30M
INR ₹1.35,"Apr 3, 2020",51M
INR ₹1.95,"Apr 24, 2020",7.3M
INR ₹1.80,"May 22, 2020",48M
INR ₹3.15,"Jun 19, 2020",76M
INR ₹3.45,"Jul 17, 2020",185M
INR ₹3.75,"Aug 14, 2020",160M
INR ₹3.30,"Sep 4, 2020",82M
INR ₹2.70,"Oct 1, 2020",33M
INR ₹3.50,"Oct 30, 2020",299M
INR ₹3.35,"Dec 4, 2020",37M
INR ₹3.50,"Jan 1, 2021",38M
INR ₹3.40,"Jan 22, 2021",48M
INR ₹3.10,"Feb 19, 2021",46M
INR ₹4.70,"Mar 26, 2021",167M
INR ₹4.50,"Apr 23, 2021",82M
INR ₹7.15,"May 21, 2021",315M
INR ₹12.50,"Jun 11, 2021",274M
INR ₹14.10,"Jul 9, 2021",146M
INR ₹12.80,"Aug 6, 2021",73M
INR ₹12.20,"Sep 3, 2021",71M
INR ₹13.10,"Sep 24, 2021",63M
INR ₹15.30,"Oct 22, 2021",86M
INR ₹13.50,"Nov 18, 2021",34M
INR ₹13.15,"Dec 17, 2021",54M
INR ₹14.95,"Jan 14, 2022",139M
INR ₹17.65,"Feb 4, 2022",165M
INR ₹12.85,"Mar 4, 2022",70M
INR ₹14.15,"Apr 1, 2022",148M
INR ₹14.25,"Apr 29, 2022",84M
INR ₹11.85,"May 27, 2022",53M
INR ₹12.15,"Jun 17, 2022",57M
INR ₹11.30,"Jul 15, 2022",38M
INR ₹13.40,"Aug 12, 2022",125M
INR ₹19.20,"Sep 9, 2022",533M
INR ₹17.55,"Oct 7, 2022",36M
INR ₹16.00,"Oct 28, 2022",14M
INR ₹16.00,"Nov 25, 2022",33M
INR ₹13.55,"Dec 23, 2022",95M
INR ₹13.85,"Jan 20, 2023",42M
INR ₹11.05,"Feb 17, 2023",61M
INR ₹11.45,"Mar 10, 2023",232M
INR ₹11.15,"Apr 6, 2023",122M
INR ₹12.40,"May 5, 2023",146M
INR ₹13.15,"Jun 2, 2023",474M
INR ₹14.05,"Jun 30, 2023",307M
INR ₹15.80,"Jul 21, 2023",600M
INR ₹16.40,"Aug 18, 2023",288M
INR ₹19.15,"Sep 15, 2023",625M
INR ₹17.75,"Oct 13, 2023",204M
INR ₹20.50,"Nov 10, 2023",1B
INR ₹20.85,"Dec 1, 2023",402M
INR ₹23.30,"Dec 29, 2023",320M
INR ₹28.80,"Feb 2, 2024",152M
INR ₹22.55,"Mar 7, 2024",40M
INR ₹32.60,"Apr 5, 2024",155M
INR ₹27.70,"Apr 26, 2024",78M
"INR ₹2,107.60","Jul 12, 2019",17M
"INR ₹2,246.25","Aug 9, 2019",12M
"INR ₹2,197.50","Sep 6, 2019",8.7M
"INR ₹2,079.35","Oct 4, 2019",10M
"INR ₹2,200.90","Nov 1, 2019",20M
"INR ₹2,071.70","Nov 22, 2019",13M
"INR ₹2,222.90","Dec 20, 2019",32M
"INR ₹2,219.10","Jan 17, 2020",15M
"INR ₹2,184.20","Feb 14, 2020",8.5M
"INR ₹1,806.30","Mar 13, 2020",28M
"INR ₹1,766.15","Apr 9, 2020",17M
"INR ₹1,893.40","May 8, 2020",16M
"INR ₹2,048.25","Jun 5, 2020",18M
"INR ₹2,199.65","Jul 3, 2020",17M
"INR ₹2,157.40","Jul 24, 2020",14M
"INR ₹2,248.60","Aug 21, 2020",14M
"INR ₹2,449.90","Sep 18, 2020",27M
"INR ₹2,763.30","Oct 16, 2020",25M
"INR ₹2,660.25","Nov 20, 2020",13M
"INR ₹2,861.00","Dec 18, 2020",16M
"INR ₹3,233.35","Jan 15, 2021",28M
"INR ₹3,190.80","Feb 12, 2021",11M
"INR ₹3,008.05","Mar 5, 2021",17M
"INR ₹3,322.25","Apr 9, 2021",16M
"INR ₹3,132.90","May 7, 2021",9.2M
"INR ₹3,143.75","Jun 4, 2021",8.4M
"INR ₹3,325.45","Jul 2, 2021",7.2M
"INR ₹3,167.45","Jul 30, 2021",8.8M
"INR ₹3,720.15","Aug 27, 2021",14M
"INR ₹3,871.30","Sep 24, 2021",9.6M
"INR ₹3,611.45","Oct 14, 2021",28M
"INR ₹3,526.05","Nov 12, 2021",8.9M
"INR ₹3,636.80","Dec 10, 2021",7.8M
"INR ₹3,853.50","Jan 7, 2022",11M
"INR ₹3,814.90","Feb 4, 2022",11M
"INR ₹3,524.35","Mar 4, 2022",10M
"INR ₹3,758.75","Apr 1, 2022",9.6M
"INR ₹3,546.70","Apr 29, 2022",9.4M
"INR ₹3,293.00","May 20, 2022",13M
"INR ₹3,088.90","Jun 17, 2022",14M
"INR ₹2,994.60","Jul 15, 2022",24M
"INR ₹3,401.55","Aug 12, 2022",5.9M
"INR ₹3,217.65","Sep 9, 2022",8.3M
"INR ₹3,064.90","Oct 7, 2022",7.6M
"INR ₹3,217.40","Nov 4, 2022",9.2M
"INR ₹3,439.15","Dec 2, 2022",12M
"INR ₹3,228.35","Dec 23, 2022",7.8M
"INR ₹3,363.10","Jan 20, 2023",9.1M
"INR ₹3,501.15","Feb 17, 2023",6.8M
"INR ₹3,179.30","Mar 17, 2023",15M
"INR ₹3,188.85","Apr 13, 2023",11M
"INR ₹3,274.30","May 12, 2023",6.3M
"INR ₹3,209.30","Jun 9, 2023",9M
"INR ₹3,329.25","Jul 7, 2023",8.4M
"INR ₹3,443.55","Aug 4, 2023",11M
"INR ₹3,381.30","Aug 25, 2023",6.2M
"INR ₹3,603.65","Sep 22, 2023",7M
"INR ₹3,494.55","Oct 20, 2023",7.7M
"INR ₹3,502.45","Nov 17, 2023",9.2M
"INR ₹3,861.00","Dec 15, 2023",19M
"INR ₹3,882.80","Jan 12, 2024",12M
"INR ₹4,128.30","Feb 16, 2024",6.1M
"INR ₹3,910.90","Mar 22, 2024",22M
"INR ₹4,001.40","Apr 12, 2024",8.5M
"INR ₹3,893.90","May 10, 2024",8.8M
INR ₹726.75,"Jul 12, 2019",34M
INR ₹789.85,"Aug 9, 2019",37M
INR ₹840.15,"Sep 6, 2019",26M
INR ₹793.45,"Oct 4, 2019",28M
INR ₹687.90,"Nov 1, 2019",80M
INR ₹696.35,"Nov 29, 2019",48M
INR ₹731.55,"Dec 20, 2019",43M
INR ₹767.85,"Jan 17, 2020",64M
INR ₹786.45,"Feb 14, 2020",21M
INR ₹642.35,"Mar 13, 2020",57M
INR ₹636.25,"Apr 9, 2020",39M
INR ₹674.20,"May 8, 2020",37M
INR ₹703.55,"Jun 5, 2020",49M
INR ₹762.70,"Jul 3, 2020",50M
INR ₹966.00,"Jul 31, 2020",69M
INR ₹948.80,"Aug 21, 2020",34M
"INR ₹1,002.15","Sep 18, 2020",72M
"INR ₹1,127.50","Oct 16, 2020",111M
"INR ₹1,103.35","Nov 20, 2020",41M
"INR ₹1,189.80","Dec 18, 2020",44M
"INR ₹1,344.95","Jan 15, 2021",86M
"INR ₹1,309.80","Feb 12, 2021",31M
"INR ₹1,374.85","Mar 12, 2021",29M
"INR ₹1,441.05","Apr 9, 2021",33M
"INR ₹1,352.55","May 7, 2021",23M
"INR ₹1,405.05","May 28, 2021",35M
"INR ₹1,574.20","Jun 25, 2021",38M
"INR ₹1,590.45","Jul 23, 2021",23M
"INR ₹1,732.95","Aug 20, 2021",27M
"INR ₹1,691.30","Sep 17, 2021",24M
"INR ₹1,715.75","Oct 14, 2021",43M
"INR ₹1,780.20","Nov 12, 2021",24M
"INR ₹1,759.25","Dec 10, 2021",15M
"INR ₹1,814.30","Jan 7, 2022",26M
"INR ₹1,686.20","Jan 28, 2022",38M
"INR ₹1,694.60","Feb 25, 2022",43M
"INR ₹1,876.55","Mar 25, 2022",27M
"INR ₹1,585.45","Apr 22, 2022",74M
"INR ₹1,455.15","May 20, 2022",46M
"INR ₹1,387.30","Jun 17, 2022",34M
"INR ₹1,430.35","Jul 15, 2022",26M
"INR ₹1,594.10","Aug 12, 2022",15M
"INR ₹1,511.65","Sep 9, 2022",20M
"INR ₹1,451.20","Oct 7, 2022",22M
"INR ₹1,513.25","Oct 28, 2022",15M
"INR ₹1,635.65","Nov 25, 2022",20M
"INR ₹1,497.10","Dec 23, 2022",32M
"INR ₹1,525.55","Jan 20, 2023",31M
"INR ₹1,583.80","Feb 17, 2023",20M
"INR ₹1,420.70","Mar 17, 2023",40M
"INR ₹1,389.20","Apr 13, 2023",29M
"INR ₹1,245.20","May 12, 2023",32M
"INR ₹1,265.95","Jun 9, 2023",31M
"INR ₹1,335.50","Jun 30, 2023",25M
"INR ₹1,340.50","Jul 28, 2023",37M
"INR ₹1,420.10","Aug 25, 2023",18M
"INR ₹1,496.15","Sep 22, 2023",20M
"INR ₹1,427.25","Oct 20, 2023",24M
"INR ₹1,437.55","Nov 17, 2023",24M
"INR ₹1,578.40","Dec 15, 2023",49M
"INR ₹1,612.75","Jan 12, 2024",51M
"INR ₹1,701.65","Feb 16, 2024",20M
"INR ₹1,634.00","Mar 15, 2024",38M
"INR ₹1,484.75","Apr 12, 2024",28M
"INR ₹1,424.90","May 10, 2024",34M
price,date,volume
"INR ₹2,913.70","Jun 26, 2024 9:26 AM",2.1K
"INR ₹2,915.60","Jun 26, 2024 9:32 AM",3.6K
"INR ₹2,928.30","Jun 26, 2024 9:38 AM",989
"INR ₹2,924.85","Jun 26, 2024 9:44 AM",2.3K
"INR ₹2,925.00","Jun 26, 2024 9:49 AM",1.9K
"INR ₹2,931.00","Jun 26, 2024 9:55 AM",2.6K
"INR ₹2,934.95","Jun 26, 2024 10:01 AM",1.3K
"INR ₹2,931.20","Jun 26, 2024 10:06 AM",1.2K
"INR ₹2,931.05","Jun 26, 2024 10:12 AM",1.2K
"INR ₹2,939.15","Jun 26, 2024 10:18 AM",1.2K
"INR ₹2,943.40","Jun 26, 2024 10:23 AM",1.2K
"INR ₹2,945.85","Jun 26, 2024 10:29 AM",1.9K
"INR ₹2,944.05","Jun 26, 2024 10:35 AM",1.5K
"INR ₹2,943.20","Jun 26, 2024 10:40 AM",1.3K
"INR ₹2,944.95","Jun 26, 2024 10:46 AM",1.6K
"INR ₹2,944.15","Jun 26, 2024 10:52 AM",861
"INR ₹2,947.00","Jun 26, 2024 10:57 AM",1.2K
"INR ₹2,948.05","Jun 26, 2024 11:03 AM",1.1K
"INR ₹2,953.60","Jun 26, 2024 11:06 AM",1.5K
"INR ₹2,953.60","Jun 26, 2024 11:06 AM",1.5K
"INR ₹2,953.60","Jun 26, 2024 11:06 AM",1.5K
INR ₹29.52,"Jun 26, 2024 9:27 AM",739
INR ₹29.30,"Jun 26, 2024 9:32 AM",1.8K
INR ₹29.38,"Jun 26, 2024 9:38 AM",607
INR ₹29.36,"Jun 26, 2024 9:44 AM",2.6K
INR ₹29.35,"Jun 26, 2024 9:49 AM",354
INR ₹29.44,"Jun 26, 2024 9:55 AM",2.7K
INR ₹29.36,"Jun 26, 2024 10:01 AM",2.1K
INR ₹29.32,"Jun 26, 2024 10:06 AM",2.6K
INR ₹29.34,"Jun 26, 2024 10:12 AM",185
INR ₹29.34,"Jun 26, 2024 10:18 AM",215
INR ₹29.39,"Jun 26, 2024 10:23 AM",2.7K
INR ₹29.37,"Jun 26, 2024 10:29 AM",2.3K
INR ₹29.43,"Jun 26, 2024 10:35 AM",248
INR ₹29.54,"Jun 26, 2024 10:41 AM",6.8K
INR ₹29.63,"Jun 26, 2024 10:46 AM",719
INR ₹29.61,"Jun 26, 2024 10:52 AM",3.6K
INR ₹29.63,"Jun 26, 2024 10:58 AM",677
INR ₹29.56,"Jun 26, 2024 11:03 AM",2.8K
INR ₹29.55,"Jun 26, 2024 11:06 AM",1.1K
INR ₹29.55,"Jun 26, 2024 11:06 AM",1.1K
INR ₹29.55,"Jun 26, 2024 11:06 AM",1.2K
"INR ₹3,855.40","Jun 26, 2024 9:26 AM",697
"INR ₹3,844.20","Jun 26, 2024 9:32 AM",765
"INR ₹3,846.45","Jun 26, 2024 9:38 AM",363
"INR ₹3,852.00","Jun 26, 2024 9:44 AM",914
"INR ₹3,856.85","Jun 26, 2024 9:49 AM",571
"INR ₹3,856.95","Jun 26, 2024 9:55 AM",464
"INR ₹3,856.10","Jun 26, 2024 10:01 AM",329
"INR ₹3,856.45","Jun 26, 2024 10:06 AM",277
"INR ₹3,859.35","Jun 26, 2024 10:12 AM",251
"INR ₹3,858.60","Jun 26, 2024 10:18 AM",29
"INR ₹3,860.90","Jun 26, 2024 10:23 AM",579
"INR ₹3,861.95","Jun 26, 2024 10:29 AM",460
"INR ₹3,857.60","Jun 26, 2024 10:35 AM",466
"INR ₹3,858.45","Jun 26, 2024 10:40 AM",67
"INR ₹3,860.75","Jun 26, 2024 10:46 AM",590
"INR ₹3,861.35","Jun 26, 2024 10:52 AM",618
"INR ₹3,862.15","Jun 26, 2024 10:57 AM",502
"INR ₹3,856.95","Jun 26, 2024 11:03 AM",98
"INR ₹3,862.45","Jun 26, 2024 11:06 AM",370
"INR ₹3,862.45","Jun 26, 2024 11:06 AM",370
"INR ₹3,862.45","Jun 26, 2024 11:06 AM",370
"INR ₹1,540.50","Jun 26, 2024 9:26 AM",2.1K
"INR ₹1,539.50","Jun 26, 2024 9:32 AM",417
"INR ₹1,541.30","Jun 26, 2024 9:38 AM",473
"INR ₹1,541.35","Jun 26, 2024 9:44 AM",531
"INR ₹1,539.90","Jun 26, 2024 9:49 AM",450
"INR ₹1,537.20","Jun 26, 2024 9:55 AM",493
"INR ₹1,537.75","Jun 26, 2024 10:01 AM",446
"INR ₹1,537.00","Jun 26, 2024 10:06 AM",779
"INR ₹1,536.25","Jun 26, 2024 10:12 AM",1.3K
"INR ₹1,538.55","Jun 26, 2024 10:18 AM",2.5K
"INR ₹1,538.50","Jun 26, 2024 10:23 AM",599
"INR ₹1,539.30","Jun 26, 2024 10:29 AM",1.4K
"INR ₹1,541.65","Jun 26, 2024 10:35 AM",1.5K
"INR ₹1,539.60","Jun 26, 2024 10:40 AM",1K
"INR ₹1,539.90","Jun 26, 2024 10:46 AM",377
"INR ₹1,541.10","Jun 26, 2024 10:52 AM",744
"INR ₹1,544.70","Jun 26, 2024 10:57 AM",1.1K
"INR ₹1,543.05","Jun 26, 2024 11:03 AM",1.2K
"INR ₹1,544.55","Jun 26, 2024 11:06 AM",854
"INR ₹1,544.55","Jun 26, 2024 11:06 AM",854
"INR ₹1,545.35","Jun 26, 2024 11:06 AM",532
price,date,volume
"INR ₹2,913.70","Jun 26, 2024 9:26 AM",2.1K
"INR ₹2,915.60","Jun 26, 2024 9:32 AM",3.6K
"INR ₹2,928.30","Jun 26, 2024 9:38 AM",989
"INR ₹2,924.85","Jun 26, 2024 9:44 AM",2.3K
"INR ₹2,925.00","Jun 26, 2024 9:49 AM",1.9K
"INR ₹2,931.00","Jun 26, 2024 9:55 AM",2.6K
"INR ₹2,934.95","Jun 26, 2024 10:01 AM",1.3K
"INR ₹2,931.20","Jun 26, 2024 10:06 AM",1.2K
"INR ₹2,931.05","Jun 26, 2024 10:12 AM",1.2K
"INR ₹2,939.15","Jun 26, 2024 10:18 AM",1.2K
"INR ₹2,943.40","Jun 26, 2024 10:23 AM",1.2K
"INR ₹2,945.85","Jun 26, 2024 10:29 AM",1.9K
"INR ₹2,944.05","Jun 26, 2024 10:35 AM",1.5K
"INR ₹2,943.20","Jun 26, 2024 10:40 AM",1.3K
"INR ₹2,944.95","Jun 26, 2024 10:46 AM",1.6K
"INR ₹2,944.15","Jun 26, 2024 10:52 AM",861
"INR ₹2,947.00","Jun 26, 2024 10:57 AM",1.2K
"INR ₹2,948.05","Jun 26, 2024 11:03 AM",1.1K
"INR ₹2,952.95","Jun 26, 2024 11:08 AM",1.4K
"INR ₹2,952.95","Jun 26, 2024 11:08 AM",1.4K
INR ₹29.52,"Jun 26, 2024 9:27 AM",739
INR ₹29.30,"Jun 26, 2024 9:32 AM",1.8K
INR ₹29.38,"Jun 26, 2024 9:38 AM",607
INR ₹29.36,"Jun 26, 2024 9:44 AM",2.6K
INR ₹29.35,"Jun 26, 2024 9:49 AM",354
INR ₹29.44,"Jun 26, 2024 9:55 AM",2.7K
INR ₹29.36,"Jun 26, 2024 10:01 AM",2.1K
INR ₹29.32,"Jun 26, 2024 10:06 AM",2.6K
INR ₹29.34,"Jun 26, 2024 10:12 AM",185
INR ₹29.34,"Jun 26, 2024 10:18 AM",215
INR ₹29.39,"Jun 26, 2024 10:23 AM",2.7K
INR ₹29.37,"Jun 26, 2024 10:29 AM",2.3K
INR ₹29.43,"Jun 26, 2024 10:35 AM",248
INR ₹29.54,"Jun 26, 2024 10:41 AM",6.8K
INR ₹29.63,"Jun 26, 2024 10:46 AM",719
INR ₹29.61,"Jun 26, 2024 10:52 AM",3.6K
INR ₹29.63,"Jun 26, 2024 10:58 AM",677
INR ₹29.56,"Jun 26, 2024 11:03 AM",2.8K
INR ₹29.54,"Jun 26, 2024 11:08 AM",12
INR ₹29.54,"Jun 26, 2024 11:08 AM",12
INR ₹29.60,"Jun 26, 2024 11:09 AM",258
"INR ₹3,855.40","Jun 26, 2024 9:26 AM",697
"INR ₹3,844.20","Jun 26, 2024 9:32 AM",765
"INR ₹3,846.45","Jun 26, 2024 9:38 AM",363
"INR ₹3,852.00","Jun 26, 2024 9:44 AM",914
"INR ₹3,856.85","Jun 26, 2024 9:49 AM",571
"INR ₹3,856.95","Jun 26, 2024 9:55 AM",464
"INR ₹3,856.10","Jun 26, 2024 10:01 AM",329
"INR ₹3,856.45","Jun 26, 2024 10:06 AM",277
"INR ₹3,859.35","Jun 26, 2024 10:12 AM",251
"INR ₹3,858.60","Jun 26, 2024 10:18 AM",29
"INR ₹3,860.90","Jun 26, 2024 10:23 AM",579
"INR ₹3,861.95","Jun 26, 2024 10:29 AM",460
"INR ₹3,857.60","Jun 26, 2024 10:35 AM",466
"INR ₹3,858.45","Jun 26, 2024 10:40 AM",67
"INR ₹3,860.75","Jun 26, 2024 10:46 AM",590
"INR ₹3,861.35","Jun 26, 2024 10:52 AM",618
"INR ₹3,862.15","Jun 26, 2024 10:57 AM",502
"INR ₹3,856.95","Jun 26, 2024 11:03 AM",98
"INR ₹3,862.00","Jun 26, 2024 11:09 AM",56
"INR ₹3,862.00","Jun 26, 2024 11:09 AM",56
"INR ₹3,862.00","Jun 26, 2024 11:09 AM",56
"INR ₹1,540.50","Jun 26, 2024 9:26 AM",2.1K
"INR ₹1,539.50","Jun 26, 2024 9:32 AM",417
"INR ₹1,541.30","Jun 26, 2024 9:38 AM",473
"INR ₹1,541.35","Jun 26, 2024 9:44 AM",531
"INR ₹1,539.90","Jun 26, 2024 9:49 AM",450
"INR ₹1,537.20","Jun 26, 2024 9:55 AM",493
"INR ₹1,537.75","Jun 26, 2024 10:01 AM",446
"INR ₹1,537.00","Jun 26, 2024 10:06 AM",779
"INR ₹1,536.25","Jun 26, 2024 10:12 AM",1.3K
"INR ₹1,538.55","Jun 26, 2024 10:18 AM",2.5K
"INR ₹1,538.50","Jun 26, 2024 10:23 AM",599
"INR ₹1,539.30","Jun 26, 2024 10:29 AM",1.4K
"INR ₹1,541.65","Jun 26, 2024 10:35 AM",1.5K
"INR ₹1,539.60","Jun 26, 2024 10:40 AM",1K
"INR ₹1,539.90","Jun 26, 2024 10:46 AM",377
"INR ₹1,541.10","Jun 26, 2024 10:52 AM",744
"INR ₹1,544.70","Jun 26, 2024 10:57 AM",1.1K
"INR ₹1,543.05","Jun 26, 2024 11:03 AM",1.2K
"INR ₹1,545.55","Jun 26, 2024 11:09 AM",1
"INR ₹1,545.50","Jun 26, 2024 11:09 AM",96
